Jonathan Tassia,jonotassia@gmail.com,subject,message
Jonathan Tassia,jonotassia@gmail.com,asd,asda
Jonathan Tassia,jonotassia@gmail.com,asda,asdad
Jonathan Tassia,jonotassia@gmail.com,asda,asda
Jonathan Tassia,jonotassia@gmail.com,aa,asdasdasdasdadsadasdad
Jonathan Tassia,jonotassia@gmail.com,aa,asdasdasdasdadsadasdad
Jonathan Tassia,jonotassia@gmail.com,aa,asdasdasdasdadsadasdad
Jonathan Tassia,jonotassia@gmail.com,aa,asdasdasdasdadsadasdad
Jonathan Tassia,jonotassia@gmail.com,aa,asdasdasdasdadsadasdad
Jonathan Tassia,jonotassia@gmail.com,asdad,ASDASDASDA
Jonathan Tassia,jonotassia@gmail.com,asdad,ASDASDASDA
Jonathan Tassia,jonotassia@gmail.com,asdad,ASDASDASDA
Jonathan Tassia,jonotassia@gmail.com,asdad,ASDASDASDA
Jonathan Tassia,jonotassia@gmail.com,asdad,ASDASDASDA
Jonathan Tassia,jonotassia@gmail.com,asdad,ASDASDASDA
Jonathan Tassia,jonoemailserv@gmail.com,asdsa,sdadsadada
Jonathan Tassia,sdasda@asd.com,asd,asdas
Jonathan Tassia,jonotassia@gmail.com,asdas,asdasda
Jonathan Tassia,asdas@asda.com,asdas,asdada
Jono,jonotassia@gmail.com,asda,asdasd
Jonathan Tassia,jonotassia@gmail.com,asdad,asdadsa
Jonathan Tassia,jonotassia@gmail.com,asdad,asdadsa
Jonathan Tassia,jonotassia@gmail.com,asdad,asdadsa
Jonathan Tassia,jonotassia@gmail.com,asdsada,dsada
Jonathan Tassia,jonotassia@gmail.com,asdsada,dsada
Jonathan Tassia,jonotassia@gmail.com,asdsada,dsada
Jonathan Tassia,jonotassia@gmail.com,asdsa,adsa
Jonathan Tassia,jonotassia@gmail.com,asdasd,asdad
Jonathan Tassia,jonotassia@gmail.com,asdasd,asda
